Workbook
Name FestivalDates: Date[Date]
Name StageID: Stage[StageID]

Sheet Data
A1: ID | B1: Artist | C1: Date | D1: Day | E1: Stage | F1: Start | G1: End | H1: StageID
A2: =IF(B2="","",MAX($A$1:A1)+1) -> 1 | B2: BANK SORNRAM | C2: 46312 | D2: =IF(C2="","",CHOOSE(WEEKDAY(C2,2),"จันทร์","อังคาร","พุธ","พฤหัสบดี","ศุกร์","เสาร์","อาทิตย์")) -> เสาร์ | E2: =IF(H2="","",IFERROR(VLOOKUP(H2,StageConfig!$A$2:$B$5,2,FALSE),"")) -> Earth Stage | F2: 0.64583333 | G2: 0.67361111 | H2: A
A3: =IF(B3="","",MAX($A$1:A2)+1) -> 2 | B3: THE PAKINSON | C3: 46312 | D3: =IF(C3="","",CHOOSE(WEEKDAY(C3,2),"จันทร์","อังคาร","พุธ","พฤหัสบดี","ศุกร์","เสาร์","อาทิตย์")) -> เสาร์ | E3: =IF(H3="","",IFERROR(VLOOKUP(H3,StageConfig!$A$2:$B$5,2,FALSE),"")) -> Earth Stage | F3: 0.68402778 | G3: 0.71180556 | H3: A
A4: =IF(B4="","",MAX($A$1:A3)+1) -> 3 | B4: MEYOU | C4: 46312 | D4: =IF(C4="","",CHOOSE(WEEKDAY(C4,2),"จันทร์","อังคาร","พุธ","พฤหัสบดี","ศุกร์","เสาร์","อาทิตย์")) -> เสาร์ | E4: =IF(H4="","",IFERROR(VLOOKUP(H4,StageConfig!$A$2:$B$5,2,FALSE),"")) -> Earth Stage | F4: 0.72222222 | G4: 0.75 | H4: A
A5: =IF(B5="","",MAX($A$1:A4)+1) -> 4 | B5: JAY Q | C5: 46312 | D5: =IF(C5="","",CHOOSE(WEEKDAY(C5,2),"จันทร์","อังคาร","พุธ","พฤหัสบดี","ศุกร์","เสาร์","อาทิตย์")) -> เสาร์ | E5: =IF(H5="","",IFERROR(VLOOKUP(H5,StageConfig!$A$2:$B$5,2,FALSE),"")) -> Earth Stage | F5: 0.76041667 | G5: 0.78819444 | H5: A
A6: =IF(B6="","",MAX($A$1:A5)+1) -> 5 | B6: TOBII | C6: 46312 | D6: =IF(C6="","",CHOOSE(WEEKDAY(C6,2),"จันทร์","อังคาร","พุธ","พฤหัสบดี","ศุกร์","เสาร์","อาทิตย์")) -> เสาร์ | E6: =IF(H6="","",IFERROR(VLOOKUP(H6,StageConfig!$A$2:$B$5,2,FALSE),"")) -> Earth Stage | F6: 0.79861111 | G6: 0.82638889 | H6: A
A7: =IF(B7="","",MAX($A$1:A6)+1) -> 6 | B7: BLVCKHEART | C7: 46312 | D7: =IF(C7="","",CHOOSE(WEEKDAY(C7,2),"จันทร์","อังคาร","พุธ","พฤหัสบดี","ศุกร์","เสาร์","อาทิตย์")) -> เสาร์ | E7: =IF(H7="","",IFERROR(VLOOKUP(H7,StageConfig!$A$2:$B$5,2,FALSE),"")) -> Earth Stage | F7: 0.83680556 | G7: 0.86458333 | H7: A
A8: =IF(B8="","",MAX($A$1:A7)+1) -> 7 | B8: MAIYARAP | C8: 46312 | D8: =IF(C8="","",CHOOSE(WEEKDAY(C8,2),"จันทร์","อังคาร","พุธ","พฤหัสบดี","ศุกร์","เสาร์","อาทิตย์")) -> เสาร์ | E8: =IF(H8="","",IFERROR(VLOOKUP(H8,StageConfig!$A$2:$B$5,2,FALSE),"")) -> Earth Stage | F8: 0.875 | G8: 0.90277778 | H8: A
A9: =IF(B9="","",MAX($A$1:A8)+1) -> 8 | B9: JOKE ISCREAM | C9: 46313 | D9: =IF(C9="","",CHOOSE(WEEKDAY(C9,2),"จันทร์","อังคาร","พุธ","พฤหัสบดี","ศุกร์","เสาร์","อาทิตย์")) -> อาทิตย์ | E9: =IF(H9="","",IFERROR(VLOOKUP(H9,StageConfig!$A$2:$B$5,2,FALSE),"")) -> Earth Stage | F9: 0.64583333 | G9: 0.67361111 | H9: A
A10: =IF(B10="","",MAX($A$1:A9)+1) -> 9 | B10: WHAL & DOLPH | C10: 46313 | D10: =IF(C10="","",CHOOSE(WEEKDAY(C10,2),"จันทร์","อังคาร","พุธ","พฤหัสบดี","ศุกร์","เสาร์","อาทิตย์")) -> อาทิตย์ | E10: =IF(H10="","",IFERROR(VLOOKUP(H10,StageConfig!$A$2:$B$5,2,FALSE),"")) -> Earth Stage | F10: 0.68402778 | G10: 0.71180556 | H10: A
A11: =IF(B11="","",MAX($A$1:A10)+1) -> 10 | B11: AYLA's | C11: 46313 | D11: =IF(C11="","",CHOOSE(WEEKDAY(C11,2),"จันทร์","อังคาร","พุธ","พฤหัสบดี","ศุกร์","เสาร์","อาทิตย์")) -> อาทิตย์ | E11: =IF(H11="","",IFERROR(VLOOKUP(H11,StageConfig!$A$2:$B$5,2,FALSE),"")) -> Earth Stage | F11: 0.72222222 | G11: 0.75 | H11: A
A12: =IF(B12="","",MAX($A$1:A11)+1) -> 11 | B12: TILLY BIRDS | C12: 46313 | D12: =IF(C12="","",CHOOSE(WEEKDAY(C12,2),"จันทร์","อังคาร","พุธ","พฤหัสบดี","ศุกร์","เสาร์","อาทิตย์")) -> อาทิตย์ | E12: =IF(H12="","",IFERROR(VLOOKUP(H12,StageConfig!$A$2:$B$5,2,FALSE),"")) -> Earth Stage | F12: 0.76041667 | G12: 0.78819444 | H12: A
A13: =IF(B13="","",MAX($A$1:A12)+1) -> 12 | B13: F.HERO | C13: 46313 | D13: =IF(C13="","",CHOOSE(WEEKDAY(C13,2),"จันทร์","อังคาร","พุธ","พฤหัสบดี","ศุกร์","เสาร์","อาทิตย์")) -> อาทิตย์ | E13: =IF(H13="","",IFERROR(VLOOKUP(H13,StageConfig!$A$2:$B$5,2,FALSE),"")) -> Earth Stage | F13: 0.79861111 | G13: 0.82638889 | H13: A
... A86: =IF(B86="","",MAX($A$1:A85)+1) -> 85 | B86: MANG | C86: 46313 | D86: =IF(C86="","",CHOOSE(WEEKDAY(C86,2),"จันทร์","อังคาร","พุธ","พฤหัสบดี","ศุกร์","เสาร์","อาทิตย์")) -> อาทิตย์ | E86: =IF(H86="","",IFERROR(VLOOKUP(H86,StageConfig!$A$2:$B$5,2,FALSE),"")) -> Wind Stage | F86: 0.77083333 | G86: 0.79166667 | H86: D
A87: =IF(B87="","",MAX($A$1:A86)+1) | D87: =IF(C87="","",CHOOSE(WEEKDAY(C87,2),"จันทร์","อังคาร","พุธ","พฤหัสบดี","ศุกร์","เสาร์","อาทิตย์")) | E87: =IF(H87="","",IFERROR(VLOOKUP(H87,StageConfig!$A$2:$B$5,2,FALSE),""))

Sheet StageConfig
A1: StageID | B1: StageName
A2: A | B2: Earth Stage
A3: B | B3: Sun Stage
A4: C | B4: Wave Stage
A5: D | B5: Wind Stage

Sheet FestivalConfig
A1: Date
A2: 46311
A3: 46312
A4: 46313
